Date, Time, Latitude, Longitude, Altitude,Colony,Species,Year,Birdring,BirdID
27/06/2016, 06:13:00,51.73841,-5.275568,NA,Skomer,Kittiwake,2016,EJ99608,2016003
27/06/2016, 06:41:34,51.738174,-5.272526,2.31,Skomer,Kittiwake,2016,EJ99608,2016003
27/06/2016, 07:02:19,51.762402,-5.284627,7.37,Skomer,Kittiwake,2016,EJ99608,2016003
27/06/2016, 07:04:26,51.759991,-5.291509,-8.22,Skomer,Kittiwake,2016,EJ99608,2016003
27/06/2016, 07:06:33,51.764473,-5.292911,18.71,Skomer,Kittiwake,2016,EJ99608,2016003
27/06/2016, 07:08:40,51.769028,-5.295033,11.08,Skomer,Kittiwake,2016,EJ99608,2016003
27/06/2016, 07:10:47,51.771935,-5.293702,3.48,Skomer,Kittiwake,2016,EJ99608,2016003
27/06/2016, 07:12:54,51.777496,-5.300206,8.66,Skomer,Kittiwake,2016,EJ99608,2016003
27/06/2016, 07:15:00,51.784023,-5.307502,9.82,Skomer,Kittiwake,2016,EJ99608,2016003
27/06/2016, 07:17:07,51.790001,-5.315044,14.62,Skomer,Kittiwake,2016,EJ99608,2016003
27/06/2016, 07:19:14,51.797024,-5.321991,11.71,Skomer,Kittiwake,2016,EJ99608,2016003
27/06/2016, 07:21:21,51.804096,-5.329632,9.08,Skomer,Kittiwake,2016,EJ99608,2016003
27/06/2016, 07:23:28,51.810162,-5.339488,18.12,Skomer,Kittiwake,2016,EJ99608,2016003
27/06/2016, 07:25:35,51.815704,-5.349685,9.35,Skomer,Kittiwake,2016,EJ99608,2016003
27/06/2016, 07:27:42,51.817142,-5.362803,25.51,Skomer,Kittiwake,2016,EJ99608,2016003
27/06/2016, 07:29:49,51.816219,-5.37416,18.75,Skomer,Kittiwake,2016,EJ99608,2016003
27/06/2016, 07:31:56,51.818611,-5.378962,27.93,Skomer,Kittiwake,2016,EJ99608,2016003
27/06/2016, 07:34:03,51.825642,-5.381365,19.51,Skomer,Kittiwake,2016,EJ99608,2016003
27/06/2016, 07:36:10,51.831158,-5.387804,17.03,Skomer,Kittiwake,2016,EJ99608,2016003
27/06/2016, 07:38:17,51.836483,-5.394337,22.43,Skomer,Kittiwake,2016,EJ99608,2016003
27/06/2016, 07:40:26,51.841927,-5.39938,16.51,Skomer,Kittiwake,2016,EJ99608,2016003
27/06/2016, 07:42:35,51.843796,-5.402595,17.57,Skomer,Kittiwake,2016,EJ99608,2016003
27/06/2016, 07:44:42,51.847816,-5.405212,21.64,Skomer,Kittiwake,2016,EJ99608,2016003
27/06/2016, 07:46:52,51.852833,-5.408498,22.4,Skomer,Kittiwake,2016,EJ99608,2016003
27/06/2016, 07:48:59,51.853966,-5.407794,24.96,Skomer,Kittiwake,2016,EJ99608,2016003
27/06/2016, 07:51:08,51.855778,-5.410511,6.92,Skomer,Kittiwake,2016,EJ99608,2016003
27/06/2016, 07:53:37,51.855209,-5.412601,12.75,Skomer,Kittiwake,2016,EJ99608,2016003
27/06/2016, 07:56:07,51.854958,-5.413943,11.92,Skomer,Kittiwake,2016,EJ99608,2016003
27/06/2016, 07:58:32,51.85503,-5.414628,7.44,Skomer,Kittiwake,2016,EJ99608,2016003
27/06/2016, 08:01:12,51.856949,-5.412102,12.34,Skomer,Kittiwake,2016,EJ99608,2016003
27/06/2016, 08:04:09,51.855915,-5.408751,19.26,Skomer,Kittiwake,2016,EJ99608,2016003
27/06/2016, 08:07:21,51.856995,-5.407323,11.73,Skomer,Kittiwake,2016,EJ99608,2016003
27/06/2016, 08:10:48,51.85717,-5.408403,17.34,Skomer,Kittiwake,2016,EJ99608,2016003
27/06/2016, 08:14:23,51.858021,-5.409941,23.05,Skomer,Kittiwake,2016,EJ99608,2016003
27/06/2016, 08:18:26,51.85918,-5.411108,23.77,Skomer,Kittiwake,2016,EJ99608,2016003
27/06/2016, 08:22:19,51.859661,-5.412616,-1.31,Skomer,Kittiwake,2016,EJ99608,2016003
27/06/2016, 08:24:42,51.860481,-5.413455,63.91,Skomer,Kittiwake,2016,EJ99608,2016003
27/06/2016, 08:27:51,51.861359,-5.414049,11.57,Skomer,Kittiwake,2016,EJ99608,2016003
27/06/2016, 08:30:56,51.862648,-5.413744,49.11,Skomer,Kittiwake,2016,EJ99608,2016003
27/06/2016, 08:33:05,51.862968,-5.39981,38.14,Skomer,Kittiwake,2016,EJ99608,2016003
27/06/2016, 08:35:13,51.862961,-5.399776,18.77,Skomer,Kittiwake,2016,EJ99608,2016003
27/06/2016, 08:37:22,51.862968,-5.399774,25.39,Skomer,Kittiwake,2016,EJ99608,2016003
27/06/2016, 08:39:34,51.86475,-5.397879,34.56,Skomer,Kittiwake,2016,EJ99608,2016003
27/06/2016, 08:41:47,51.860249,-5.400496,31.8,Skomer,Kittiwake,2016,EJ99608,2016003
27/06/2016, 08:43:56,51.861691,-5.401161,39.81,Skomer,Kittiwake,2016,EJ99608,2016003
27/06/2016, 08:46:06,51.861832,-5.402729,31.7,Skomer,Kittiwake,2016,EJ99608,2016003
27/06/2016, 08:48:14,51.859169,-5.404589,30.13,Skomer,Kittiwake,2016,EJ99608,2016003
27/06/2016, 08:50:24,51.859875,-5.406523,25.25,Skomer,Kittiwake,2016,EJ99608,2016003
27/06/2016, 08:52:35,51.860218,-5.408393,23.02,Skomer,Kittiwake,2016,EJ99608,2016003
27/06/2016, 08:54:42,51.860924,-5.409621,23.7,Skomer,Kittiwake,2016,EJ99608,2016003
27/06/2016, 08:56:53,51.86063,-5.410964,34.35,Skomer,Kittiwake,2016,EJ99608,2016003
27/06/2016, 09:07:03,51.86063,-5.410964,34.35,Skomer,Kittiwake,2016,EJ99608,2016003
27/06/2016, 09:18:28,51.870834,-5.419181,4.21,Skomer,Kittiwake,2016,EJ99608,2016003
27/06/2016, 09:29:36,51.884319,-5.423413,8.48,Skomer,Kittiwake,2016,EJ99608,2016003
27/06/2016, 09:31:41,51.885509,-5.425229,2.21,Skomer,Kittiwake,2016,EJ99608,2016003
27/06/2016, 09:33:50,51.886448,-5.425253,71,Skomer,Kittiwake,2016,EJ99608,2016003
27/06/2016, 09:35:59,51.888741,-5.425493,-33.33,Skomer,Kittiwake,2016,EJ99608,2016003
27/06/2016, 09:38:06,51.891937,-5.424875,-34.98,Skomer,Kittiwake,2016,EJ99608,2016003
27/06/2016, 09:40:31,51.894814,-5.424356,1.58,Skomer,Kittiwake,2016,EJ99608,2016003
27/06/2016, 09:44:15,51.895611,-5.422199,11.8,Skomer,Kittiwake,2016,EJ99608,2016003
27/06/2016, 09:46:21,51.897793,-5.421426,15.18,Skomer,Kittiwake,2016,EJ99608,2016003
27/06/2016, 09:48:27,51.892838,-5.410621,12.19,Skomer,Kittiwake,2016,EJ99608,2016003
27/06/2016, 09:50:32,51.8936,-5.409472,3.63,Skomer,Kittiwake,2016,EJ99608,2016003
27/06/2016, 09:52:38,51.895863,-5.409991,-2.3,Skomer,Kittiwake,2016,EJ99608,2016003
27/06/2016, 09:54:44,51.895378,-5.394037,10.98,Skomer,Kittiwake,2016,EJ99608,2016003
27/06/2016, 09:56:50,51.894451,-5.388218,3.7,Skomer,Kittiwake,2016,EJ99608,2016003
27/06/2016, 09:58:56,51.895958,-5.385725,10.04,Skomer,Kittiwake,2016,EJ99608,2016003
27/06/2016, 10:01:04,51.898468,-5.383147,2.19,Skomer,Kittiwake,2016,EJ99608,2016003
27/06/2016, 10:03:10,51.899349,-5.381728,3.24,Skomer,Kittiwake,2016,EJ99608,2016003
27/06/2016, 10:05:15,51.900272,-5.380147,13.05,Skomer,Kittiwake,2016,EJ99608,2016003
27/06/2016, 10:07:20,51.902168,-5.379934,8.85,Skomer,Kittiwake,2016,EJ99608,2016003
27/06/2016, 10:09:25,51.904339,-5.377484,5.89,Skomer,Kittiwake,2016,EJ99608,2016003
27/06/2016, 10:11:30,51.90353,-5.383626,9.55,Skomer,Kittiwake,2016,EJ99608,2016003
27/06/2016, 10:13:37,51.903534,-5.383655,2.93,Skomer,Kittiwake,2016,EJ99608,2016003
27/06/2016, 10:15:46,51.90353,-5.383648,8.84,Skomer,Kittiwake,2016,EJ99608,2016003
27/06/2016, 10:17:57,51.903557,-5.383645,7.93,Skomer,Kittiwake,2016,EJ99608,2016003
27/06/2016, 10:20:09,51.903553,-5.38368,4.36,Skomer,Kittiwake,2016,EJ99608,2016003
27/06/2016, 10:22:22,51.903549,-5.383663,6.69,Skomer,Kittiwake,2016,EJ99608,2016003
27/06/2016, 10:24:34,51.903549,-5.383656,9.43,Skomer,Kittiwake,2016,EJ99608,2016003
27/06/2016, 10:26:47,51.903709,-5.381929,4.43,Skomer,Kittiwake,2016,EJ99608,2016003
27/06/2016, 10:28:58,51.90284,-5.378367,2.29,Skomer,Kittiwake,2016,EJ99608,2016003
27/06/2016, 10:31:06,51.905052,-5.376856,5.15,Skomer,Kittiwake,2016,EJ99608,2016003
27/06/2016, 10:33:12,51.904537,-5.368713,15.5,Skomer,Kittiwake,2016,EJ99608,2016003
27/06/2016, 10:35:18,51.904255,-5.367433,3.76,Skomer,Kittiwake,2016,EJ99608,2016003
27/06/2016, 10:37:24,51.903683,-5.367798,-3.29,Skomer,Kittiwake,2016,EJ99608,2016003
27/06/2016, 10:39:30,51.896927,-5.3747,4.15,Skomer,Kittiwake,2016,EJ99608,2016003
27/06/2016, 10:41:36,51.89772,-5.374274,7.16,Skomer,Kittiwake,2016,EJ99608,2016003
27/06/2016, 10:43:42,51.893166,-5.378526,7.65,Skomer,Kittiwake,2016,EJ99608,2016003
27/06/2016, 10:45:47,51.886734,-5.381286,3.46,Skomer,Kittiwake,2016,EJ99608,2016003
27/06/2016, 10:47:53,51.878757,-5.384054,0.13,Skomer,Kittiwake,2016,EJ99608,2016003
27/06/2016, 10:49:58,51.866699,-5.386517,-1.2,Skomer,Kittiwake,2016,EJ99608,2016003
27/06/2016, 10:52:03,51.854534,-5.384868,3.26,Skomer,Kittiwake,2016,EJ99608,2016003
27/06/2016, 10:54:09,51.842506,-5.381597,-0.19,Skomer,Kittiwake,2016,EJ99608,2016003
27/06/2016, 10:56:15,51.837265,-5.382551,-0.71,Skomer,Kittiwake,2016,EJ99608,2016003
27/06/2016, 10:58:20,51.83733,-5.382776,1.17,Skomer,Kittiwake,2016,EJ99608,2016003
27/06/2016, 11:00:26,51.828197,-5.379055,6.47,Skomer,Kittiwake,2016,EJ99608,2016003
27/06/2016, 11:02:29,51.816471,-5.370933,7.92,Skomer,Kittiwake,2016,EJ99608,2016003
27/06/2016, 11:04:33,51.806725,-5.360882,7.78,Skomer,Kittiwake,2016,EJ99608,2016003
27/06/2016, 11:06:36,51.795776,-5.346648,15.13,Skomer,Kittiwake,2016,EJ99608,2016003
27/06/2016, 11:08:40,51.790325,-5.327013,11.02,Skomer,Kittiwake,2016,EJ99608,2016003
27/06/2016, 11:10:44,51.789791,-5.318017,5.7,Skomer,Kittiwake,2016,EJ99608,2016003
27/06/2016, 11:12:47,51.789398,-5.3171,1.97,Skomer,Kittiwake,2016,EJ99608,2016003
27/06/2016, 11:14:50,51.790089,-5.314834,9.03,Skomer,Kittiwake,2016,EJ99608,2016003
27/06/2016, 11:16:54,51.786449,-5.313263,11.34,Skomer,Kittiwake,2016,EJ99608,2016003
27/06/2016, 11:18:58,51.788235,-5.312998,-0.5,Skomer,Kittiwake,2016,EJ99608,2016003
27/06/2016, 11:21:02,51.788906,-5.311782,-1.39,Skomer,Kittiwake,2016,EJ99608,2016003
27/06/2016, 11:23:06,51.786621,-5.306498,8.84,Skomer,Kittiwake,2016,EJ99608,2016003
27/06/2016, 11:25:10,51.786488,-5.293303,2.74,Skomer,Kittiwake,2016,EJ99608,2016003
27/06/2016, 11:27:14,51.786232,-5.291784,6.26,Skomer,Kittiwake,2016,EJ99608,2016003
27/06/2016, 11:29:18,51.78669,-5.290968,0.5,Skomer,Kittiwake,2016,EJ99608,2016003
27/06/2016, 11:31:22,51.786686,-5.290483,1.08,Skomer,Kittiwake,2016,EJ99608,2016003
27/06/2016, 11:33:25,51.787548,-5.287637,1.89,Skomer,Kittiwake,2016,EJ99608,2016003
27/06/2016, 11:35:28,51.786705,-5.28582,6.65,Skomer,Kittiwake,2016,EJ99608,2016003
27/06/2016, 11:37:31,51.786102,-5.284182,7.75,Skomer,Kittiwake,2016,EJ99608,2016003
27/06/2016, 11:39:36,51.786251,-5.283669,-0.88,Skomer,Kittiwake,2016,EJ99608,2016003
27/06/2016, 11:41:39,51.785789,-5.284109,8.12,Skomer,Kittiwake,2016,EJ99608,2016003
27/06/2016, 11:43:43,51.784084,-5.281518,-2.19,Skomer,Kittiwake,2016,EJ99608,2016003
27/06/2016, 11:45:46,51.783211,-5.279606,10,Skomer,Kittiwake,2016,EJ99608,2016003
27/06/2016, 11:47:50,51.782749,-5.279987,-3.98,Skomer,Kittiwake,2016,EJ99608,2016003
27/06/2016, 11:49:55,51.782684,-5.279359,-1.1,Skomer,Kittiwake,2016,EJ99608,2016003
27/06/2016, 11:51:59,51.782917,-5.276852,4.8,Skomer,Kittiwake,2016,EJ99608,2016003
27/06/2016, 11:54:03,51.780987,-5.279044,-0.64,Skomer,Kittiwake,2016,EJ99608,2016003
27/06/2016, 11:56:07,51.780331,-5.278428,2.41,Skomer,Kittiwake,2016,EJ99608,2016003
27/06/2016, 11:58:11,51.779358,-5.278462,-2.79,Skomer,Kittiwake,2016,EJ99608,2016003
27/06/2016, 12:01:27,51.778553,-5.276957,-2.51,Skomer,Kittiwake,2016,EJ99608,2016003
27/06/2016, 12:04:12,51.772526,-5.275886,5.82,Skomer,Kittiwake,2016,EJ99608,2016003
27/06/2016, 12:06:19,51.76186,-5.273889,-6.55,Skomer,Kittiwake,2016,EJ99608,2016003
27/06/2016, 12:08:27,51.750633,-5.274046,-4.82,Skomer,Kittiwake,2016,EJ99608,2016003
27/06/2016, 12:10:35,51.738529,-5.275709,-5.5,Skomer,Kittiwake,2016,EJ99608,2016003
27/06/2016, 12:12:43,51.738487,-5.275784,10.2,Skomer,Kittiwake,2016,EJ99608,2016003
27/06/2016, 12:14:53,51.738419,-5.275792,2.94,Skomer,Kittiwake,2016,EJ99608,2016003
27/06/2016, 12:17:03,51.73843,-5.275852,0.18,Skomer,Kittiwake,2016,EJ99608,2016003
27/06/2016, 12:19:14,51.738457,-5.275788,2,Skomer,Kittiwake,2016,EJ99608,2016003
27/06/2016, 12:21:25,51.738419,-5.275842,-4.12,Skomer,Kittiwake,2016,EJ99608,2016003
27/06/2016, 12:23:36,51.738445,-5.275839,2.23,Skomer,Kittiwake,2016,EJ99608,2016003
27/06/2016, 12:25:48,51.738445,-5.275846,-1.17,Skomer,Kittiwake,2016,EJ99608,2016003
27/06/2016, 12:27:59,51.738346,-5.275581,4.29,Skomer,Kittiwake,2016,EJ99608,2016003
27/06/2016, 12:30:11,51.738411,-5.275568,6.22,Skomer,Kittiwake,2016,EJ99608,2016003
27/06/2016, 12:32:24,51.738365,-5.275518,8.11,Skomer,Kittiwake,2016,EJ99608,2016003
27/06/2016, 12:34:39,51.738388,-5.275532,7.71,Skomer,Kittiwake,2016,EJ99608,2016003
27/06/2016, 12:36:54,51.738373,-5.275563,3.41,Skomer,Kittiwake,2016,EJ99608,2016003
27/06/2016, 12:39:10,51.737793,-5.275293,-0.18,Skomer,Kittiwake,2016,EJ99608,2016003
27/06/2016, 12:41:27,51.738495,-5.275778,5.36,Skomer,Kittiwake,2016,EJ99608,2016003
27/06/2016, 12:43:45,51.738441,-5.275762,3.55,Skomer,Kittiwake,2016,EJ99608,2016003
27/06/2016, 12:46:02,51.73843,-5.275785,1.29,Skomer,Kittiwake,2016,EJ99608,2016003
27/06/2016, 12:48:19,51.738426,-5.275777,-0.88,Skomer,Kittiwake,2016,EJ99608,2016003
27/06/2016, 12:50:35,51.738411,-5.2758,-1.72,Skomer,Kittiwake,2016,EJ99608,2016003
27/06/2016, 12:52:53,51.738453,-5.275762,5.99,Skomer,Kittiwake,2016,EJ99608,2016003
27/06/2016, 12:55:10,51.73848,-5.275793,5.95,Skomer,Kittiwake,2016,EJ99608,2016003
27/06/2016, 12:57:27,51.738441,-5.275784,2.36,Skomer,Kittiwake,2016,EJ99608,2016003
27/06/2016, 12:59:44,51.738449,-5.275785,5.01,Skomer,Kittiwake,2016,EJ99608,2016003
27/06/2016, 13:02:01,51.738434,-5.275757,3.88,Skomer,Kittiwake,2016,EJ99608,2016003
27/06/2016, 13:04:20,51.738426,-5.275751,5.13,Skomer,Kittiwake,2016,EJ99608,2016003
27/06/2016, 13:06:38,51.738461,-5.275784,5.7,Skomer,Kittiwake,2016,EJ99608,2016003
27/06/2016, 13:09:27,51.738441,-5.275747,3.06,Skomer,Kittiwake,2016,EJ99608,2016003
27/06/2016, 13:11:42,51.739346,-5.275956,11.24,Skomer,Kittiwake,2016,EJ99608,2016003
27/06/2016, 13:13:54,51.749592,-5.280798,-1.11,Skomer,Kittiwake,2016,EJ99608,2016003
27/06/2016, 13:16:05,51.751934,-5.296563,-1.78,Skomer,Kittiwake,2016,EJ99608,2016003
27/06/2016, 13:18:15,51.748981,-5.311442,-1.97,Skomer,Kittiwake,2016,EJ99608,2016003
27/06/2016, 13:20:25,51.747169,-5.325071,-1.05,Skomer,Kittiwake,2016,EJ99608,2016003
27/06/2016, 13:22:34,51.746296,-5.339332,-1.48,Skomer,Kittiwake,2016,EJ99608,2016003
27/06/2016, 13:24:43,51.745003,-5.354191,-3.49,Skomer,Kittiwake,2016,EJ99608,2016003
27/06/2016, 13:26:52,51.744602,-5.368216,-2.07,Skomer,Kittiwake,2016,EJ99608,2016003
27/06/2016, 13:29:01,51.744743,-5.382875,0.34,Skomer,Kittiwake,2016,EJ99608,2016003
27/06/2016, 13:31:10,51.746964,-5.391323,1.64,Skomer,Kittiwake,2016,EJ99608,2016003
27/06/2016, 13:33:18,51.74675,-5.397383,-0.62,Skomer,Kittiwake,2016,EJ99608,2016003
27/06/2016, 13:35:26,51.750389,-5.406559,1.54,Skomer,Kittiwake,2016,EJ99608,2016003
27/06/2016, 13:37:34,51.751736,-5.407975,3.07,Skomer,Kittiwake,2016,EJ99608,2016003
27/06/2016, 13:39:41,51.753696,-5.40926,7.57,Skomer,Kittiwake,2016,EJ99608,2016003
27/06/2016, 13:41:48,51.754768,-5.411117,1.39,Skomer,Kittiwake,2016,EJ99608,2016003
27/06/2016, 13:43:55,51.760143,-5.414762,-0.32,Skomer,Kittiwake,2016,EJ99608,2016003
27/06/2016, 13:46:02,51.758923,-5.416952,3.14,Skomer,Kittiwake,2016,EJ99608,2016003
27/06/2016, 13:48:10,51.759907,-5.415763,-2.01,Skomer,Kittiwake,2016,EJ99608,2016003
27/06/2016, 13:50:17,51.758892,-5.416841,-2.69,Skomer,Kittiwake,2016,EJ99608,2016003
27/06/2016, 13:52:24,51.756279,-5.417065,-0.07,Skomer,Kittiwake,2016,EJ99608,2016003
27/06/2016, 13:54:31,51.752567,-5.418118,0.48,Skomer,Kittiwake,2016,EJ99608,2016003
27/06/2016, 13:56:38,51.751305,-5.424165,0.38,Skomer,Kittiwake,2016,EJ99608,2016003
27/06/2016, 13:58:46,51.752602,-5.424695,-1.02,Skomer,Kittiwake,2016,EJ99608,2016003
27/06/2016, 14:00:54,51.753857,-5.425103,7.14,Skomer,Kittiwake,2016,EJ99608,2016003
27/06/2016, 14:03:01,51.7551,-5.425557,-3.39,Skomer,Kittiwake,2016,EJ99608,2016003
27/06/2016, 14:05:08,51.756077,-5.427376,9.54,Skomer,Kittiwake,2016,EJ99608,2016003
27/06/2016, 14:07:15,51.754265,-5.433435,-0.45,Skomer,Kittiwake,2016,EJ99608,2016003
27/06/2016, 14:09:23,51.75066,-5.444548,-2.31,Skomer,Kittiwake,2016,EJ99608,2016003
27/06/2016, 14:11:31,51.746902,-5.45687,0.27,Skomer,Kittiwake,2016,EJ99608,2016003
27/06/2016, 14:13:39,51.750332,-5.462756,0.47,Skomer,Kittiwake,2016,EJ99608,2016003
27/06/2016, 14:15:47,51.75618,-5.469315,2.63,Skomer,Kittiwake,2016,EJ99608,2016003
27/06/2016, 14:17:55,51.753788,-5.477999,-1.15,Skomer,Kittiwake,2016,EJ99608,2016003
27/06/2016, 14:20:02,51.748539,-5.48031,-0.39,Skomer,Kittiwake,2016,EJ99608,2016003
27/06/2016, 14:22:10,51.74057,-5.479262,1.83,Skomer,Kittiwake,2016,EJ99608,2016003
27/06/2016, 14:24:18,51.731003,-5.477142,1.87,Skomer,Kittiwake,2016,EJ99608,2016003
27/06/2016, 14:26:26,51.729698,-5.479284,-2.44,Skomer,Kittiwake,2016,EJ99608,2016003
27/06/2016, 14:28:35,51.729725,-5.479312,6.72,Skomer,Kittiwake,2016,EJ99608,2016003
27/06/2016, 14:30:45,51.72971,-5.479285,1.72,Skomer,Kittiwake,2016,EJ99608,2016003
27/06/2016, 14:32:55,51.729729,-5.479302,10.06,Skomer,Kittiwake,2016,EJ99608,2016003
27/06/2016, 14:35:06,51.729717,-5.4793,6.16,Skomer,Kittiwake,2016,EJ99608,2016003
27/06/2016, 14:37:17,51.73082,-5.485537,1.72,Skomer,Kittiwake,2016,EJ99608,2016003
27/06/2016, 14:39:26,51.729607,-5.499362,-0.5,Skomer,Kittiwake,2016,EJ99608,2016003
27/06/2016, 14:41:35,51.728069,-5.51289,0.88,Skomer,Kittiwake,2016,EJ99608,2016003
27/06/2016, 14:43:43,51.726036,-5.525872,-7.31,Skomer,Kittiwake,2016,EJ99608,2016003
27/06/2016, 14:45:50,51.724461,-5.538215,-1.37,Skomer,Kittiwake,2016,EJ99608,2016003
27/06/2016, 14:47:59,51.720428,-5.549916,-0.18,Skomer,Kittiwake,2016,EJ99608,2016003
27/06/2016, 14:50:07,51.713688,-5.551836,3.57,Skomer,Kittiwake,2016,EJ99608,2016003
27/06/2016, 14:52:15,51.712578,-5.561761,-1.34,Skomer,Kittiwake,2016,EJ99608,2016003
27/06/2016, 14:54:23,51.711853,-5.576078,-2.06,Skomer,Kittiwake,2016,EJ99608,2016003
27/06/2016, 14:56:31,51.710606,-5.589684,-1.85,Skomer,Kittiwake,2016,EJ99608,2016003
27/06/2016, 14:58:39,51.710644,-5.604671,-2.52,Skomer,Kittiwake,2016,EJ99608,2016003
27/06/2016, 15:00:48,51.708569,-5.617178,-9.14,Skomer,Kittiwake,2016,EJ99608,2016003
27/06/2016, 15:02:53,51.70639,-5.629901,-6.26,Skomer,Kittiwake,2016,EJ99608,2016003
27/06/2016, 15:04:59,51.706253,-5.643306,5.93,Skomer,Kittiwake,2016,EJ99608,2016003
27/06/2016, 15:07:29,51.704868,-5.658359,0.08,Skomer,Kittiwake,2016,EJ99608,2016003
27/06/2016, 15:09:59,51.705795,-5.672047,11.3,Skomer,Kittiwake,2016,EJ99608,2016003
27/06/2016, 15:12:33,51.708946,-5.685353,-2.41,Skomer,Kittiwake,2016,EJ99608,2016003
27/06/2016, 15:15:09,51.720638,-5.672597,-4.29,Skomer,Kittiwake,2016,EJ99608,2016003
27/06/2016, 15:17:14,51.720978,-5.670001,-5.12,Skomer,Kittiwake,2016,EJ99608,2016003
27/06/2016, 15:19:20,51.720989,-5.670009,0.58,Skomer,Kittiwake,2016,EJ99608,2016003
27/06/2016, 15:21:26,51.720993,-5.67,-6.99,Skomer,Kittiwake,2016,EJ99608,2016003
27/06/2016, 15:23:32,51.720963,-5.669915,-5.97,Skomer,Kittiwake,2016,EJ99608,2016003
27/06/2016, 15:25:39,51.720963,-5.669866,2.29,Skomer,Kittiwake,2016,EJ99608,2016003
27/06/2016, 15:27:46,51.72094,-5.669853,-3.81,Skomer,Kittiwake,2016,EJ99608,2016003
27/06/2016, 15:29:53,51.720943,-5.669922,-2.8,Skomer,Kittiwake,2016,EJ99608,2016003
27/06/2016, 15:32:00,51.720955,-5.670051,-6.65,Skomer,Kittiwake,2016,EJ99608,2016003
27/06/2016, 15:34:07,51.720921,-5.66986,2.59,Skomer,Kittiwake,2016,EJ99608,2016003
27/06/2016, 15:36:14,51.720387,-5.669686,-4.75,Skomer,Kittiwake,2016,EJ99608,2016003
27/06/2016, 15:38:21,51.720398,-5.669618,-2.05,Skomer,Kittiwake,2016,EJ99608,2016003
27/06/2016, 15:40:28,51.716045,-5.669372,-2.65,Skomer,Kittiwake,2016,EJ99608,2016003
27/06/2016, 15:42:34,51.713158,-5.68058,-1.81,Skomer,Kittiwake,2016,EJ99608,2016003
27/06/2016, 15:44:40,51.721413,-5.682271,-5.8,Skomer,Kittiwake,2016,EJ99608,2016003
27/06/2016, 15:46:46,51.724991,-5.668244,-1.16,Skomer,Kittiwake,2016,EJ99608,2016003
27/06/2016, 15:48:52,51.726688,-5.640752,6.82,Skomer,Kittiwake,2016,EJ99608,2016003
27/06/2016, 15:50:58,51.722252,-5.619421,-6.79,Skomer,Kittiwake,2016,EJ99608,2016003
27/06/2016, 15:53:04,51.721317,-5.620068,-3.15,Skomer,Kittiwake,2016,EJ99608,2016003
27/06/2016, 15:55:10,51.721607,-5.61968,-0.15,Skomer,Kittiwake,2016,EJ99608,2016003
27/06/2016, 15:57:14,51.721321,-5.621608,1.11,Skomer,Kittiwake,2016,EJ99608,2016003
27/06/2016, 15:59:18,51.721188,-5.622712,-11.1,Skomer,Kittiwake,2016,EJ99608,2016003
27/06/2016, 16:05:13,51.720684,-5.624523,0.91,Skomer,Kittiwake,2016,EJ99608,2016003
27/06/2016, 16:13:24,51.720203,-5.621582,0.31,Skomer,Kittiwake,2016,EJ99608,2016003
27/06/2016, 16:22:12,51.719883,-5.62152,30.25,Skomer,Kittiwake,2016,EJ99608,2016003
27/06/2016, 16:28:07,51.719128,-5.620722,29.72,Skomer,Kittiwake,2016,EJ99608,2016003
27/06/2016, 16:36:04,51.720043,-5.618258,13,Skomer,Kittiwake,2016,EJ99608,2016003
27/06/2016, 16:43:56,51.719585,-5.617932,-6.98,Skomer,Kittiwake,2016,EJ99608,2016003
27/06/2016, 16:51:44,51.717667,-5.61968,-4.68,Skomer,Kittiwake,2016,EJ99608,2016003
27/06/2016, 16:57:40,51.716175,-5.628103,-0.33,Skomer,Kittiwake,2016,EJ99608,2016003
27/06/2016, 16:59:53,51.715721,-5.641433,1.76,Skomer,Kittiwake,2016,EJ99608,2016003
27/06/2016, 17:02:04,51.717789,-5.654309,-0.56,Skomer,Kittiwake,2016,EJ99608,2016003
27/06/2016, 17:04:18,51.720665,-5.667077,-1.35,Skomer,Kittiwake,2016,EJ99608,2016003
27/06/2016, 17:06:31,51.720585,-5.669077,-6.02,Skomer,Kittiwake,2016,EJ99608,2016003
27/06/2016, 17:08:40,51.720551,-5.669046,-7.14,Skomer,Kittiwake,2016,EJ99608,2016003
27/06/2016, 17:10:51,51.720566,-5.669055,-6.79,Skomer,Kittiwake,2016,EJ99608,2016003
27/06/2016, 17:13:01,51.720589,-5.669081,-3.93,Skomer,Kittiwake,2016,EJ99608,2016003
27/06/2016, 17:15:12,51.720623,-5.669081,-1.3,Skomer,Kittiwake,2016,EJ99608,2016003
27/06/2016, 17:17:24,51.720596,-5.669123,4.92,Skomer,Kittiwake,2016,EJ99608,2016003
27/06/2016, 17:19:36,51.720543,-5.669102,-4.64,Skomer,Kittiwake,2016,EJ99608,2016003
27/06/2016, 17:21:48,51.720562,-5.669107,-0.21,Skomer,Kittiwake,2016,EJ99608,2016003
27/06/2016, 17:24:00,51.7206,-5.669118,-3.75,Skomer,Kittiwake,2016,EJ99608,2016003
27/06/2016, 17:26:12,51.720543,-5.669098,-2.43,Skomer,Kittiwake,2016,EJ99608,2016003
27/06/2016, 17:28:24,51.720612,-5.669115,-1.69,Skomer,Kittiwake,2016,EJ99608,2016003
27/06/2016, 17:30:37,51.720592,-5.669101,-4.7,Skomer,Kittiwake,2016,EJ99608,2016003
27/06/2016, 17:32:49,51.720634,-5.669114,0.93,Skomer,Kittiwake,2016,EJ99608,2016003
27/06/2016, 17:35:28,51.7206,-5.669121,0.13,Skomer,Kittiwake,2016,EJ99608,2016003
27/06/2016, 17:37:35,51.716366,-5.65076,3.55,Skomer,Kittiwake,2016,EJ99608,2016003
27/06/2016, 17:39:40,51.716942,-5.623109,9.1,Skomer,Kittiwake,2016,EJ99608,2016003
27/06/2016, 17:41:45,51.72253,-5.614424,-2.91,Skomer,Kittiwake,2016,EJ99608,2016003
27/06/2016, 17:43:49,51.722649,-5.614278,-2.2,Skomer,Kittiwake,2016,EJ99608,2016003
27/06/2016, 17:45:52,51.722527,-5.613438,-4.52,Skomer,Kittiwake,2016,EJ99608,2016003
27/06/2016, 17:47:56,51.726429,-5.598057,-2.18,Skomer,Kittiwake,2016,EJ99608,2016003
27/06/2016, 17:50:00,51.728031,-5.592035,0.04,Skomer,Kittiwake,2016,EJ99608,2016003
27/06/2016, 17:52:04,51.730446,-5.569348,2.38,Skomer,Kittiwake,2016,EJ99608,2016003
27/06/2016, 17:54:07,51.73103,-5.542692,-0.15,Skomer,Kittiwake,2016,EJ99608,2016003
27/06/2016, 17:56:11,51.728443,-5.518146,6.53,Skomer,Kittiwake,2016,EJ99608,2016003
27/06/2016, 17:58:15,51.737194,-5.505213,-1.05,Skomer,Kittiwake,2016,EJ99608,2016003
27/06/2016, 18:00:21,51.735016,-5.503389,1.74,Skomer,Kittiwake,2016,EJ99608,2016003
27/06/2016, 18:02:24,51.742653,-5.488725,3.7,Skomer,Kittiwake,2016,EJ99608,2016003
27/06/2016, 18:04:26,51.751293,-5.474589,4.46,Skomer,Kittiwake,2016,EJ99608,2016003
27/06/2016, 18:06:29,51.762753,-5.463241,4.46,Skomer,Kittiwake,2016,EJ99608,2016003
27/06/2016, 18:08:31,51.775425,-5.446965,14.95,Skomer,Kittiwake,2016,EJ99608,2016003
27/06/2016, 18:10:33,51.78756,-5.430806,11.93,Skomer,Kittiwake,2016,EJ99608,2016003
27/06/2016, 18:12:36,51.788555,-5.426713,4.34,Skomer,Kittiwake,2016,EJ99608,2016003
27/06/2016, 18:14:38,51.787235,-5.428134,4.25,Skomer,Kittiwake,2016,EJ99608,2016003
27/06/2016, 18:16:40,51.78931,-5.427296,6.59,Skomer,Kittiwake,2016,EJ99608,2016003
27/06/2016, 18:18:43,51.794735,-5.420336,2.58,Skomer,Kittiwake,2016,EJ99608,2016003
27/06/2016, 18:20:46,51.803604,-5.410748,13.76,Skomer,Kittiwake,2016,EJ99608,2016003
27/06/2016, 18:22:48,51.802319,-5.396953,1.64,Skomer,Kittiwake,2016,EJ99608,2016003
27/06/2016, 18:24:50,51.801964,-5.394685,4.01,Skomer,Kittiwake,2016,EJ99608,2016003
27/06/2016, 18:26:52,51.801128,-5.394234,3.54,Skomer,Kittiwake,2016,EJ99608,2016003
27/06/2016, 18:28:53,51.800831,-5.393264,-0.29,Skomer,Kittiwake,2016,EJ99608,2016003
27/06/2016, 18:30:55,51.799934,-5.394209,10.93,Skomer,Kittiwake,2016,EJ99608,2016003
27/06/2016, 18:32:57,51.800541,-5.392061,-3.9,Skomer,Kittiwake,2016,EJ99608,2016003
27/06/2016, 18:34:59,51.795876,-5.387674,1.95,Skomer,Kittiwake,2016,EJ99608,2016003
27/06/2016, 18:37:00,51.787235,-5.372133,-3.72,Skomer,Kittiwake,2016,EJ99608,2016003
27/06/2016, 18:39:02,51.778393,-5.357752,1.09,Skomer,Kittiwake,2016,EJ99608,2016003
27/06/2016, 18:41:04,51.775108,-5.352171,-17.85,Skomer,Kittiwake,2016,EJ99608,2016003
27/06/2016, 18:43:07,51.772907,-5.349598,-1.23,Skomer,Kittiwake,2016,EJ99608,2016003
27/06/2016, 18:45:13,51.766747,-5.32542,-17.3,Skomer,Kittiwake,2016,EJ99608,2016003
27/06/2016, 18:47:15,51.757164,-5.30719,-11.57,Skomer,Kittiwake,2016,EJ99608,2016003
27/06/2016, 18:49:17,51.748039,-5.291675,-8.26,Skomer,Kittiwake,2016,EJ99608,2016003
27/06/2016, 18:51:19,51.738464,-5.275828,-1.75,Skomer,Kittiwake,2016,EJ99608,2016003
27/06/2016, 18:53:22,51.738476,-5.275841,-1.91,Skomer,Kittiwake,2016,EJ99608,2016003
27/06/2016, 18:55:25,51.738457,-5.275838,-1.01,Skomer,Kittiwake,2016,EJ99608,2016003
27/06/2016, 18:57:29,51.738518,-5.275855,-12.26,Skomer,Kittiwake,2016,EJ99608,2016003
27/06/2016, 18:59:33,51.738495,-5.275771,13.23,Skomer,Kittiwake,2016,EJ99608,2016003
27/06/2016, 19:01:38,51.738487,-5.275837,6.49,Skomer,Kittiwake,2016,EJ99608,2016003
27/06/2016, 19:03:43,51.738468,-5.275673,29.48,Skomer,Kittiwake,2016,EJ99608,2016003
27/06/2016, 19:05:48,51.738457,-5.275767,18.04,Skomer,Kittiwake,2016,EJ99608,2016003
27/06/2016, 19:07:53,51.738491,-5.27565,34.16,Skomer,Kittiwake,2016,EJ99608,2016003
27/06/2016, 19:09:58,51.738468,-5.275711,22.02,Skomer,Kittiwake,2016,EJ99608,2016003
27/06/2016, 19:28:29,51.738468,-5.275711,22.02,Skomer,Kittiwake,2016,EJ99608,2016003
28/06/2016, 06:03:37,51.781128,-5.282339,74.54,Skomer,Kittiwake,2016,EJ99608,2016003
28/06/2016, 06:36:43,51.781128,-5.282339,74.54,Skomer,Kittiwake,2016,EJ99608,2016003
28/06/2016, 06:38:53,51.78738,-5.292825,53.37,Skomer,Kittiwake,2016,EJ99608,2016003
28/06/2016, 06:41:01,51.798019,-5.305941,20.3,Skomer,Kittiwake,2016,EJ99608,2016003
28/06/2016, 06:43:08,51.808025,-5.320669,18.42,Skomer,Kittiwake,2016,EJ99608,2016003
28/06/2016, 06:45:15,51.818012,-5.335668,12.06,Skomer,Kittiwake,2016,EJ99608,2016003
28/06/2016, 06:47:37,51.823135,-5.348763,-2.73,Skomer,Kittiwake,2016,EJ99608,2016003
28/06/2016, 06:53:25,51.822788,-5.347541,-1.17,Skomer,Kittiwake,2016,EJ99608,2016003
28/06/2016, 06:55:32,51.822964,-5.347998,10.91,Skomer,Kittiwake,2016,EJ99608,2016003
28/06/2016, 06:57:39,51.822563,-5.349154,6.17,Skomer,Kittiwake,2016,EJ99608,2016003
28/06/2016, 06:59:46,51.823547,-5.350272,6.6,Skomer,Kittiwake,2016,EJ99608,2016003
28/06/2016, 07:01:56,51.821232,-5.342642,13.95,Skomer,Kittiwake,2016,EJ99608,2016003
28/06/2016, 07:04:03,51.820267,-5.347174,4.42,Skomer,Kittiwake,2016,EJ99608,2016003
28/06/2016, 07:06:10,51.819817,-5.35123,14.86,Skomer,Kittiwake,2016,EJ99608,2016003
28/06/2016, 07:08:17,51.818989,-5.351371,8.79,Skomer,Kittiwake,2016,EJ99608,2016003
28/06/2016, 07:10:24,51.81892,-5.351533,1.61,Skomer,Kittiwake,2016,EJ99608,2016003
28/06/2016, 07:12:31,51.818119,-5.351516,1.63,Skomer,Kittiwake,2016,EJ99608,2016003
28/06/2016, 07:14:38,51.817307,-5.352023,7.01,Skomer,Kittiwake,2016,EJ99608,2016003
28/06/2016, 07:16:45,51.817276,-5.350852,3.05,Skomer,Kittiwake,2016,EJ99608,2016003
28/06/2016, 07:18:52,51.816788,-5.350466,-0.72,Skomer,Kittiwake,2016,EJ99608,2016003
28/06/2016, 07:20:59,51.816986,-5.35057,5.03,Skomer,Kittiwake,2016,EJ99608,2016003
28/06/2016, 07:23:06,51.815857,-5.350481,-1.37,Skomer,Kittiwake,2016,EJ99608,2016003
28/06/2016, 07:25:13,51.814991,-5.350227,-8.19,Skomer,Kittiwake,2016,EJ99608,2016003
28/06/2016, 07:27:20,51.813446,-5.348816,-1.39,Skomer,Kittiwake,2016,EJ99608,2016003
28/06/2016, 07:29:27,51.812622,-5.349225,7.42,Skomer,Kittiwake,2016,EJ99608,2016003
28/06/2016, 07:31:34,51.814323,-5.354262,2.14,Skomer,Kittiwake,2016,EJ99608,2016003
28/06/2016, 07:33:41,51.815685,-5.3569,4.61,Skomer,Kittiwake,2016,EJ99608,2016003
28/06/2016, 07:35:48,51.824879,-5.371309,3.43,Skomer,Kittiwake,2016,EJ99608,2016003
28/06/2016, 07:37:55,51.833652,-5.385278,5.83,Skomer,Kittiwake,2016,EJ99608,2016003
28/06/2016, 07:40:02,51.84111,-5.393579,7.67,Skomer,Kittiwake,2016,EJ99608,2016003
28/06/2016, 07:42:09,51.852112,-5.408296,8.69,Skomer,Kittiwake,2016,EJ99608,2016003
28/06/2016, 07:44:16,51.853718,-5.411764,0.84,Skomer,Kittiwake,2016,EJ99608,2016003
28/06/2016, 07:46:24,51.852692,-5.413095,5.67,Skomer,Kittiwake,2016,EJ99608,2016003
28/06/2016, 07:48:32,51.85273,-5.413078,9.29,Skomer,Kittiwake,2016,EJ99608,2016003
28/06/2016, 07:50:55,51.852703,-5.413078,4.08,Skomer,Kittiwake,2016,EJ99608,2016003
28/06/2016, 07:53:23,51.852715,-5.413109,8.41,Skomer,Kittiwake,2016,EJ99608,2016003
28/06/2016, 07:55:46,51.852703,-5.413109,10.22,Skomer,Kittiwake,2016,EJ99608,2016003
28/06/2016, 07:58:10,51.852711,-5.413126,12.88,Skomer,Kittiwake,2016,EJ99608,2016003
28/06/2016, 08:00:33,51.852253,-5.413616,-11.56,Skomer,Kittiwake,2016,EJ99608,2016003
28/06/2016, 08:02:51,51.852268,-5.413551,-14.76,Skomer,Kittiwake,2016,EJ99608,2016003
28/06/2016, 08:05:12,51.85223,-5.41358,-9.14,Skomer,Kittiwake,2016,EJ99608,2016003
28/06/2016, 08:07:40,51.852287,-5.413552,-19.44,Skomer,Kittiwake,2016,EJ99608,2016003
28/06/2016, 08:10:27,51.852291,-5.413554,-21.03,Skomer,Kittiwake,2016,EJ99608,2016003
28/06/2016, 08:13:17,51.852245,-5.413573,-18.31,Skomer,Kittiwake,2016,EJ99608,2016003
28/06/2016, 08:16:22,51.848869,-5.41784,-41.85,Skomer,Kittiwake,2016,EJ99608,2016003
28/06/2016, 08:19:32,51.847191,-5.419655,-11.58,Skomer,Kittiwake,2016,EJ99608,2016003
28/06/2016, 08:22:29,51.849213,-5.405626,-2.68,Skomer,Kittiwake,2016,EJ99608,2016003
28/06/2016, 08:24:35,51.849461,-5.40493,1.84,Skomer,Kittiwake,2016,EJ99608,2016003
28/06/2016, 08:26:39,51.84893,-5.40572,-7.5,Skomer,Kittiwake,2016,EJ99608,2016003
28/06/2016, 08:28:43,51.849388,-5.405252,-6.4,Skomer,Kittiwake,2016,EJ99608,2016003
28/06/2016, 08:30:50,51.849728,-5.405405,-12.65,Skomer,Kittiwake,2016,EJ99608,2016003
28/06/2016, 08:32:54,51.851257,-5.405028,1.44,Skomer,Kittiwake,2016,EJ99608,2016003
28/06/2016, 08:34:58,51.851429,-5.405963,-6.23,Skomer,Kittiwake,2016,EJ99608,2016003
28/06/2016, 08:37:02,51.852486,-5.406548,-15.85,Skomer,Kittiwake,2016,EJ99608,2016003
28/06/2016, 08:39:13,51.85228,-5.406603,-5.39,Skomer,Kittiwake,2016,EJ99608,2016003
28/06/2016, 08:41:17,51.855392,-5.403251,-1.58,Skomer,Kittiwake,2016,EJ99608,2016003
28/06/2016, 08:43:28,51.855682,-5.40361,2.23,Skomer,Kittiwake,2016,EJ99608,2016003
28/06/2016, 08:45:32,51.857082,-5.402961,12.7,Skomer,Kittiwake,2016,EJ99608,2016003
28/06/2016, 08:47:36,51.858566,-5.405902,-11.87,Skomer,Kittiwake,2016,EJ99608,2016003
28/06/2016, 08:50:07,51.858864,-5.40651,-4.61,Skomer,Kittiwake,2016,EJ99608,2016003
28/06/2016, 08:52:32,51.860233,-5.406857,32.62,Skomer,Kittiwake,2016,EJ99608,2016003
28/06/2016, 08:55:04,51.861088,-5.403467,-14.07,Skomer,Kittiwake,2016,EJ99608,2016003
28/06/2016, 08:57:52,51.855556,-5.408051,-6.33,Skomer,Kittiwake,2016,EJ99608,2016003
28/06/2016, 09:00:59,51.854973,-5.408409,72.99,Skomer,Kittiwake,2016,EJ99608,2016003
28/06/2016, 09:04:24,51.85125,-5.403304,76.94,Skomer,Kittiwake,2016,EJ99608,2016003
28/06/2016, 09:08:02,51.847622,-5.405384,340.52,Skomer,Kittiwake,2016,EJ99608,2016003
28/06/2016, 09:11:47,51.84819,-5.404752,223.07,Skomer,Kittiwake,2016,EJ99608,2016003
28/06/2016, 09:15:42,51.847309,-5.405696,249.74,Skomer,Kittiwake,2016,EJ99608,2016003
28/06/2016, 09:23:25,51.847309,-5.405696,249.74,Skomer,Kittiwake,2016,EJ99608,2016003
28/06/2016, 09:35:32,51.846703,-5.396167,2.43,Skomer,Kittiwake,2016,EJ99608,2016003
28/06/2016, 09:48:14,51.843864,-5.396952,16.78,Skomer,Kittiwake,2016,EJ99608,2016003
28/06/2016, 09:50:21,51.845154,-5.398989,8.99,Skomer,Kittiwake,2016,EJ99608,2016003
28/06/2016, 09:52:28,51.844765,-5.403163,5.68,Skomer,Kittiwake,2016,EJ99608,2016003
28/06/2016, 09:54:35,51.844814,-5.404252,6.54,Skomer,Kittiwake,2016,EJ99608,2016003
28/06/2016, 09:56:42,51.845596,-5.406235,13.21,Skomer,Kittiwake,2016,EJ99608,2016003
28/06/2016, 09:58:49,51.84584,-5.406795,7.04,Skomer,Kittiwake,2016,EJ99608,2016003
28/06/2016, 10:00:58,51.84549,-5.407343,15.13,Skomer,Kittiwake,2016,EJ99608,2016003
28/06/2016, 10:03:05,51.844273,-5.40829,15.26,Skomer,Kittiwake,2016,EJ99608,2016003
28/06/2016, 10:05:12,51.844311,-5.409568,19.06,Skomer,Kittiwake,2016,EJ99608,2016003
28/06/2016, 10:07:19,51.84412,-5.411787,7.85,Skomer,Kittiwake,2016,EJ99608,2016003
28/06/2016, 10:09:26,51.845284,-5.411084,-0.67,Skomer,Kittiwake,2016,EJ99608,2016003
28/06/2016, 10:11:33,51.84557,-5.41189,12.05,Skomer,Kittiwake,2016,EJ99608,2016003
28/06/2016, 10:13:40,51.844646,-5.413298,17.05,Skomer,Kittiwake,2016,EJ99608,2016003
28/06/2016, 10:15:52,51.847935,-5.415607,3.61,Skomer,Kittiwake,2016,EJ99608,2016003
28/06/2016, 10:17:59,51.850132,-5.413636,3.12,Skomer,Kittiwake,2016,EJ99608,2016003
28/06/2016, 10:20:06,51.851822,-5.413017,13.27,Skomer,Kittiwake,2016,EJ99608,2016003
28/06/2016, 10:22:13,51.851795,-5.413022,11,Skomer,Kittiwake,2016,EJ99608,2016003
28/06/2016, 10:24:22,51.851788,-5.412991,16.35,Skomer,Kittiwake,2016,EJ99608,2016003
28/06/2016, 10:26:29,51.851807,-5.413013,13.34,Skomer,Kittiwake,2016,EJ99608,2016003
28/06/2016, 10:28:37,51.851784,-5.413027,8.64,Skomer,Kittiwake,2016,EJ99608,2016003
28/06/2016, 10:30:45,51.851818,-5.413055,5.33,Skomer,Kittiwake,2016,EJ99608,2016003
28/06/2016, 10:32:53,51.851784,-5.41303,5.77,Skomer,Kittiwake,2016,EJ99608,2016003
28/06/2016, 10:35:01,51.851818,-5.413046,9.64,Skomer,Kittiwake,2016,EJ99608,2016003
28/06/2016, 10:37:09,51.851814,-5.413051,6.51,Skomer,Kittiwake,2016,EJ99608,2016003
28/06/2016, 10:39:17,51.851818,-5.413047,9.61,Skomer,Kittiwake,2016,EJ99608,2016003
28/06/2016, 10:41:25,51.851807,-5.413022,11.32,Skomer,Kittiwake,2016,EJ99608,2016003
28/06/2016, 10:43:33,51.851803,-5.412948,1.58,Skomer,Kittiwake,2016,EJ99608,2016003
28/06/2016, 10:45:41,51.851864,-5.412967,8.67,Skomer,Kittiwake,2016,EJ99608,2016003
28/06/2016, 10:47:49,51.847984,-5.419505,1.76,Skomer,Kittiwake,2016,EJ99608,2016003
28/06/2016, 10:49:56,51.848343,-5.420148,5.18,Skomer,Kittiwake,2016,EJ99608,2016003
28/06/2016, 10:52:04,51.84808,-5.420421,-3.38,Skomer,Kittiwake,2016,EJ99608,2016003
28/06/2016, 10:54:10,51.847107,-5.428977,5.46,Skomer,Kittiwake,2016,EJ99608,2016003
28/06/2016, 10:56:17,51.846096,-5.428579,1.31,Skomer,Kittiwake,2016,EJ99608,2016003
28/06/2016, 10:58:23,51.847553,-5.427642,3.45,Skomer,Kittiwake,2016,EJ99608,2016003
28/06/2016, 11:00:31,51.847446,-5.424221,3.76,Skomer,Kittiwake,2016,EJ99608,2016003
28/06/2016, 11:02:37,51.847633,-5.424018,0.57,Skomer,Kittiwake,2016,EJ99608,2016003
28/06/2016, 11:04:43,51.845695,-5.419265,-3.76,Skomer,Kittiwake,2016,EJ99608,2016003
28/06/2016, 11:06:50,51.843796,-5.417629,-1,Skomer,Kittiwake,2016,EJ99608,2016003
28/06/2016, 11:08:56,51.842312,-5.410768,-4.3,Skomer,Kittiwake,2016,EJ99608,2016003
28/06/2016, 11:11:02,51.838646,-5.40431,-2.86,Skomer,Kittiwake,2016,EJ99608,2016003
28/06/2016, 11:13:08,51.835072,-5.398206,-1.54,Skomer,Kittiwake,2016,EJ99608,2016003
28/06/2016, 11:15:15,51.831245,-5.39102,0.79,Skomer,Kittiwake,2016,EJ99608,2016003
28/06/2016, 11:17:21,51.827557,-5.383049,2.11,Skomer,Kittiwake,2016,EJ99608,2016003
28/06/2016, 11:19:27,51.823727,-5.375903,-3.36,Skomer,Kittiwake,2016,EJ99608,2016003
28/06/2016, 11:21:33,51.819107,-5.369955,-1.14,Skomer,Kittiwake,2016,EJ99608,2016003
28/06/2016, 11:23:39,51.815502,-5.361591,1.68,Skomer,Kittiwake,2016,EJ99608,2016003
28/06/2016, 11:25:45,51.811394,-5.354797,3.61,Skomer,Kittiwake,2016,EJ99608,2016003
28/06/2016, 11:27:51,51.80838,-5.350594,1.3,Skomer,Kittiwake,2016,EJ99608,2016003
28/06/2016, 11:29:57,51.803589,-5.346564,-2.96,Skomer,Kittiwake,2016,EJ99608,2016003
28/06/2016, 11:32:25,51.797859,-5.34025,-2.81,Skomer,Kittiwake,2016,EJ99608,2016003
28/06/2016, 11:34:53,51.792568,-5.331882,-0.42,Skomer,Kittiwake,2016,EJ99608,2016003
28/06/2016, 11:37:22,51.787003,-5.323872,4,Skomer,Kittiwake,2016,EJ99608,2016003
28/06/2016, 11:39:58,51.783119,-5.310942,1.19,Skomer,Kittiwake,2016,EJ99608,2016003
28/06/2016, 11:42:56,51.780262,-5.298765,-2.11,Skomer,Kittiwake,2016,EJ99608,2016003
28/06/2016, 11:46:03,51.777206,-5.292256,0.82,Skomer,Kittiwake,2016,EJ99608,2016003
28/06/2016, 11:49:25,51.775146,-5.290699,2.7,Skomer,Kittiwake,2016,EJ99608,2016003
28/06/2016, 11:52:56,51.775883,-5.289072,1.06,Skomer,Kittiwake,2016,EJ99608,2016003
28/06/2016, 11:56:41,51.776058,-5.288466,-3.53,Skomer,Kittiwake,2016,EJ99608,2016003
28/06/2016, 12:04:13,51.776058,-5.288466,-3.53,Skomer,Kittiwake,2016,EJ99608,2016003
28/06/2016, 12:15:22,51.749825,-5.287245,-0.7,Skomer,Kittiwake,2016,EJ99608,2016003
28/06/2016, 12:26:26,51.741039,-5.25599,6.98,Skomer,Kittiwake,2016,EJ99608,2016003
28/06/2016, 12:28:33,51.736935,-5.258611,-0.41,Skomer,Kittiwake,2016,EJ99608,2016003
28/06/2016, 12:30:40,51.732277,-5.270934,2.61,Skomer,Kittiwake,2016,EJ99608,2016003
28/06/2016, 12:32:47,51.727413,-5.283701,-1.72,Skomer,Kittiwake,2016,EJ99608,2016003
28/06/2016, 12:34:54,51.721561,-5.295024,-1.54,Skomer,Kittiwake,2016,EJ99608,2016003
28/06/2016, 12:37:01,51.7173,-5.30163,0.12,Skomer,Kittiwake,2016,EJ99608,2016003
28/06/2016, 12:39:09,51.71212,-5.300691,-0.34,Skomer,Kittiwake,2016,EJ99608,2016003
28/06/2016, 12:41:16,51.707676,-5.29415,-3.39,Skomer,Kittiwake,2016,EJ99608,2016003
28/06/2016, 12:43:23,51.701935,-5.289692,-0.57,Skomer,Kittiwake,2016,EJ99608,2016003
28/06/2016, 12:45:37,51.693386,-5.290603,11.11,Skomer,Kittiwake,2016,EJ99608,2016003
28/06/2016, 12:47:51,51.691547,-5.293083,-1.07,Skomer,Kittiwake,2016,EJ99608,2016003
28/06/2016, 12:50:12,51.691845,-5.294759,4.01,Skomer,Kittiwake,2016,EJ99608,2016003
28/06/2016, 12:52:25,51.692471,-5.29576,0.53,Skomer,Kittiwake,2016,EJ99608,2016003
28/06/2016, 12:54:37,51.693111,-5.296487,-0.23,Skomer,Kittiwake,2016,EJ99608,2016003
28/06/2016, 12:56:52,51.693245,-5.297652,1.37,Skomer,Kittiwake,2016,EJ99608,2016003
28/06/2016, 12:59:06,51.693493,-5.297984,0.93,Skomer,Kittiwake,2016,EJ99608,2016003
28/06/2016, 13:01:18,51.693977,-5.299643,-3.38,Skomer,Kittiwake,2016,EJ99608,2016003
28/06/2016, 13:04:02,51.694473,-5.301067,0.29,Skomer,Kittiwake,2016,EJ99608,2016003
28/06/2016, 13:06:25,51.695442,-5.30127,0.18,Skomer,Kittiwake,2016,EJ99608,2016003
28/06/2016, 13:08:32,51.69603,-5.300758,-2.52,Skomer,Kittiwake,2016,EJ99608,2016003
28/06/2016, 13:10:39,51.696133,-5.301276,-1,Skomer,Kittiwake,2016,EJ99608,2016003
28/06/2016, 13:12:46,51.696541,-5.301795,-0.85,Skomer,Kittiwake,2016,EJ99608,2016003
28/06/2016, 13:14:53,51.696289,-5.301844,1.66,Skomer,Kittiwake,2016,EJ99608,2016003
28/06/2016, 13:17:01,51.695854,-5.302378,-0.65,Skomer,Kittiwake,2016,EJ99608,2016003
28/06/2016, 13:19:08,51.695301,-5.302517,0.99,Skomer,Kittiwake,2016,EJ99608,2016003
28/06/2016, 13:21:16,51.695011,-5.302487,-3.46,Skomer,Kittiwake,2016,EJ99608,2016003
28/06/2016, 13:23:25,51.696476,-5.304599,11.25,Skomer,Kittiwake,2016,EJ99608,2016003
28/06/2016, 13:25:32,51.697903,-5.307439,0.82,Skomer,Kittiwake,2016,EJ99608,2016003
28/06/2016, 13:27:40,51.699387,-5.310356,-7.02,Skomer,Kittiwake,2016,EJ99608,2016003
28/06/2016, 13:29:46,51.70166,-5.304262,-0.27,Skomer,Kittiwake,2016,EJ99608,2016003
28/06/2016, 13:31:53,51.700356,-5.293456,2.67,Skomer,Kittiwake,2016,EJ99608,2016003
28/06/2016, 13:34:02,51.693508,-5.2886,1.94,Skomer,Kittiwake,2016,EJ99608,2016003
28/06/2016, 13:36:34,51.693462,-5.287734,8.38,Skomer,Kittiwake,2016,EJ99608,2016003
28/06/2016, 13:38:43,51.693466,-5.287769,13.27,Skomer,Kittiwake,2016,EJ99608,2016003
28/06/2016, 13:40:51,51.693443,-5.28775,7.27,Skomer,Kittiwake,2016,EJ99608,2016003
28/06/2016, 13:42:59,51.693485,-5.287742,16.66,Skomer,Kittiwake,2016,EJ99608,2016003
28/06/2016, 13:45:07,51.693481,-5.287743,19.39,Skomer,Kittiwake,2016,EJ99608,2016003
28/06/2016, 13:47:15,51.693474,-5.287747,13.69,Skomer,Kittiwake,2016,EJ99608,2016003
28/06/2016, 13:49:23,51.69347,-5.287738,12.78,Skomer,Kittiwake,2016,EJ99608,2016003
28/06/2016, 13:51:31,51.693474,-5.287767,14.97,Skomer,Kittiwake,2016,EJ99608,2016003
28/06/2016, 13:53:39,51.693481,-5.287744,10.77,Skomer,Kittiwake,2016,EJ99608,2016003
28/06/2016, 13:55:47,51.693459,-5.28775,13.09,Skomer,Kittiwake,2016,EJ99608,2016003
28/06/2016, 13:57:55,51.693462,-5.284805,15.93,Skomer,Kittiwake,2016,EJ99608,2016003
28/06/2016, 14:00:03,51.69239,-5.274081,1.43,Skomer,Kittiwake,2016,EJ99608,2016003
28/06/2016, 14:02:11,51.692013,-5.279233,2.07,Skomer,Kittiwake,2016,EJ99608,2016003
28/06/2016, 14:04:18,51.692173,-5.278723,0.12,Skomer,Kittiwake,2016,EJ99608,2016003
28/06/2016, 14:06:25,51.69294,-5.274572,0.08,Skomer,Kittiwake,2016,EJ99608,2016003
28/06/2016, 14:08:33,51.695541,-5.269364,0.59,Skomer,Kittiwake,2016,EJ99608,2016003
28/06/2016, 14:10:40,51.695419,-5.267307,5.75,Skomer,Kittiwake,2016,EJ99608,2016003
28/06/2016, 14:12:47,51.696575,-5.267066,-0.5,Skomer,Kittiwake,2016,EJ99608,2016003
28/06/2016, 14:14:55,51.695286,-5.269329,0.09,Skomer,Kittiwake,2016,EJ99608,2016003
28/06/2016, 14:17:02,51.693928,-5.270403,-3.42,Skomer,Kittiwake,2016,EJ99608,2016003
28/06/2016, 14:19:09,51.69418,-5.274436,3.69,Skomer,Kittiwake,2016,EJ99608,2016003
28/06/2016, 14:21:16,51.694168,-5.274382,7.66,Skomer,Kittiwake,2016,EJ99608,2016003
28/06/2016, 14:23:24,51.694138,-5.274384,0.17,Skomer,Kittiwake,2016,EJ99608,2016003
28/06/2016, 14:25:33,51.69416,-5.274371,3.99,Skomer,Kittiwake,2016,EJ99608,2016003
28/06/2016, 14:27:42,51.694157,-5.274408,5.63,Skomer,Kittiwake,2016,EJ99608,2016003
28/06/2016, 14:29:50,51.69334,-5.283547,24.83,Skomer,Kittiwake,2016,EJ99608,2016003
28/06/2016, 14:31:58,51.693512,-5.287765,9.18,Skomer,Kittiwake,2016,EJ99608,2016003
28/06/2016, 14:34:06,51.693501,-5.287756,14.28,Skomer,Kittiwake,2016,EJ99608,2016003
28/06/2016, 14:36:16,51.693478,-5.287751,15.03,Skomer,Kittiwake,2016,EJ99608,2016003
28/06/2016, 14:38:27,51.693474,-5.287757,11.97,Skomer,Kittiwake,2016,EJ99608,2016003
28/06/2016, 14:40:39,51.69347,-5.287751,13.53,Skomer,Kittiwake,2016,EJ99608,2016003
28/06/2016, 14:42:51,51.693493,-5.28775,9.37,Skomer,Kittiwake,2016,EJ99608,2016003
28/06/2016, 14:45:03,51.693451,-5.287765,15.71,Skomer,Kittiwake,2016,EJ99608,2016003
28/06/2016, 14:47:16,51.693485,-5.287769,9.87,Skomer,Kittiwake,2016,EJ99608,2016003
28/06/2016, 14:49:29,51.693523,-5.28774,1.34,Skomer,Kittiwake,2016,EJ99608,2016003
28/06/2016, 14:51:44,51.693497,-5.287746,11.32,Skomer,Kittiwake,2016,EJ99608,2016003
28/06/2016, 14:54:00,51.693459,-5.287768,8.22,Skomer,Kittiwake,2016,EJ99608,2016003
28/06/2016, 14:56:14,51.693359,-5.287762,24.13,Skomer,Kittiwake,2016,EJ99608,2016003
28/06/2016, 14:58:27,51.692337,-5.279119,0.08,Skomer,Kittiwake,2016,EJ99608,2016003
28/06/2016, 15:00:36,51.692371,-5.276989,-6.85,Skomer,Kittiwake,2016,EJ99608,2016003
28/06/2016, 15:02:37,51.692379,-5.277457,1.82,Skomer,Kittiwake,2016,EJ99608,2016003
28/06/2016, 15:04:37,51.692436,-5.273119,-0.84,Skomer,Kittiwake,2016,EJ99608,2016003
28/06/2016, 15:06:37,51.693096,-5.27376,-1.2,Skomer,Kittiwake,2016,EJ99608,2016003
28/06/2016, 15:08:37,51.694927,-5.268654,0.09,Skomer,Kittiwake,2016,EJ99608,2016003
28/06/2016, 15:10:40,51.697006,-5.264441,-1.61,Skomer,Kittiwake,2016,EJ99608,2016003
28/06/2016, 15:12:40,51.696411,-5.263172,-5.03,Skomer,Kittiwake,2016,EJ99608,2016003
28/06/2016, 15:14:39,51.696278,-5.261523,-4.07,Skomer,Kittiwake,2016,EJ99608,2016003
28/06/2016, 15:16:38,51.696304,-5.260273,-3.52,Skomer,Kittiwake,2016,EJ99608,2016003
28/06/2016, 15:18:39,51.697014,-5.260458,-3.18,Skomer,Kittiwake,2016,EJ99608,2016003
28/06/2016, 15:20:40,51.698154,-5.260743,-4.23,Skomer,Kittiwake,2016,EJ99608,2016003
28/06/2016, 15:22:41,51.700348,-5.261973,4.36,Skomer,Kittiwake,2016,EJ99608,2016003
28/06/2016, 15:24:44,51.702415,-5.264018,10.5,Skomer,Kittiwake,2016,EJ99608,2016003
28/06/2016, 15:26:47,51.702431,-5.264059,8.08,Skomer,Kittiwake,2016,EJ99608,2016003
28/06/2016, 15:28:48,51.702427,-5.264025,7.91,Skomer,Kittiwake,2016,EJ99608,2016003
28/06/2016, 15:30:52,51.70245,-5.264019,14.9,Skomer,Kittiwake,2016,EJ99608,2016003
28/06/2016, 15:32:55,51.702477,-5.264025,21.38,Skomer,Kittiwake,2016,EJ99608,2016003
28/06/2016, 15:34:57,51.702435,-5.264015,19.22,Skomer,Kittiwake,2016,EJ99608,2016003
28/06/2016, 15:36:58,51.702423,-5.264014,16.5,Skomer,Kittiwake,2016,EJ99608,2016003
28/06/2016, 15:39:01,51.70245,-5.264046,15.04,Skomer,Kittiwake,2016,EJ99608,2016003
28/06/2016, 15:41:02,51.702446,-5.26407,-0.53,Skomer,Kittiwake,2016,EJ99608,2016003
28/06/2016, 15:43:03,51.702427,-5.264021,13.27,Skomer,Kittiwake,2016,EJ99608,2016003
28/06/2016, 15:45:04,51.702423,-5.264,16.96,Skomer,Kittiwake,2016,EJ99608,2016003
28/06/2016, 15:47:05,51.702454,-5.263987,16.86,Skomer,Kittiwake,2016,EJ99608,2016003
28/06/2016, 15:49:06,51.702431,-5.263919,25.39,Skomer,Kittiwake,2016,EJ99608,2016003
28/06/2016, 15:51:08,51.701775,-5.257635,-5.18,Skomer,Kittiwake,2016,EJ99608,2016003
28/06/2016, 15:53:09,51.702133,-5.257576,-6.34,Skomer,Kittiwake,2016,EJ99608,2016003
28/06/2016, 15:55:11,51.69981,-5.259236,10.05,Skomer,Kittiwake,2016,EJ99608,2016003
28/06/2016, 15:57:12,51.692223,-5.26915,-2.04,Skomer,Kittiwake,2016,EJ99608,2016003
28/06/2016, 15:59:12,51.691471,-5.271175,-8.88,Skomer,Kittiwake,2016,EJ99608,2016003
28/06/2016, 16:05:18,51.691471,-5.271175,-8.88,Skomer,Kittiwake,2016,EJ99608,2016003
28/06/2016, 16:13:51,51.692986,-5.267641,-4.19,Skomer,Kittiwake,2016,EJ99608,2016003
28/06/2016, 16:22:42,51.702435,-5.264332,15.99,Skomer,Kittiwake,2016,EJ99608,2016003
28/06/2016, 16:24:42,51.707649,-5.258336,-3.58,Skomer,Kittiwake,2016,EJ99608,2016003
28/06/2016, 16:26:42,51.713779,-5.251445,3.16,Skomer,Kittiwake,2016,EJ99608,2016003
28/06/2016, 16:28:42,51.718948,-5.249337,1.42,Skomer,Kittiwake,2016,EJ99608,2016003
28/06/2016, 16:30:42,51.723866,-5.253277,0.31,Skomer,Kittiwake,2016,EJ99608,2016003
28/06/2016, 16:32:42,51.728001,-5.255985,1.48,Skomer,Kittiwake,2016,EJ99608,2016003
28/06/2016, 16:34:41,51.731606,-5.260493,12.44,Skomer,Kittiwake,2016,EJ99608,2016003
28/06/2016, 16:36:41,51.737885,-5.259237,4.85,Skomer,Kittiwake,2016,EJ99608,2016003
28/06/2016, 16:38:41,51.740494,-5.261836,3.89,Skomer,Kittiwake,2016,EJ99608,2016003
28/06/2016, 16:40:41,51.737946,-5.274538,6.31,Skomer,Kittiwake,2016,EJ99608,2016003
28/06/2016, 16:42:43,51.738476,-5.275903,7.13,Skomer,Kittiwake,2016,EJ99608,2016003
28/06/2016, 16:44:45,51.738468,-5.275925,-1.35,Skomer,Kittiwake,2016,EJ99608,2016003
28/06/2016, 16:46:47,51.73851,-5.27588,13.24,Skomer,Kittiwake,2016,EJ99608,2016003
28/06/2016, 16:48:50,51.738464,-5.275909,0.32,Skomer,Kittiwake,2016,EJ99608,2016003
28/06/2016, 16:50:52,51.738487,-5.275886,6.91,Skomer,Kittiwake,2016,EJ99608,2016003
28/06/2016, 16:52:53,51.738499,-5.275872,7.86,Skomer,Kittiwake,2016,EJ99608,2016003
28/06/2016, 16:54:54,51.738464,-5.275892,-1.03,Skomer,Kittiwake,2016,EJ99608,2016003
28/06/2016, 16:56:56,51.738422,-5.275939,-9.9,Skomer,Kittiwake,2016,EJ99608,2016003
28/06/2016, 16:58:59,51.738415,-5.275931,-7.79,Skomer,Kittiwake,2016,EJ99608,2016003
28/06/2016, 17:01:04,51.738441,-5.275852,4.63,Skomer,Kittiwake,2016,EJ99608,2016003
28/06/2016, 17:03:13,51.738476,-5.275866,5.82,Skomer,Kittiwake,2016,EJ99608,2016003
28/06/2016, 17:05:25,51.738487,-5.275859,7.97,Skomer,Kittiwake,2016,EJ99608,2016003
28/06/2016, 17:07:36,51.73851,-5.275844,12.23,Skomer,Kittiwake,2016,EJ99608,2016003
28/06/2016, 17:09:47,51.738499,-5.275875,10.81,Skomer,Kittiwake,2016,EJ99608,2016003
28/06/2016, 17:11:58,51.738514,-5.275869,11.06,Skomer,Kittiwake,2016,EJ99608,2016003
28/06/2016, 17:14:09,51.738335,-5.275559,4.75,Skomer,Kittiwake,2016,EJ99608,2016003
28/06/2016, 17:16:23,51.7383,-5.275574,1.92,Skomer,Kittiwake,2016,EJ99608,2016003
28/06/2016, 17:18:34,51.738354,-5.27553,9.26,Skomer,Kittiwake,2016,EJ99608,2016003
28/06/2016, 17:20:46,51.738338,-5.275512,11.66,Skomer,Kittiwake,2016,EJ99608,2016003
28/06/2016, 17:22:58,51.738308,-5.275548,3.2,Skomer,Kittiwake,2016,EJ99608,2016003
28/06/2016, 17:25:12,51.738354,-5.275516,12.68,Skomer,Kittiwake,2016,EJ99608,2016003
28/06/2016, 17:27:25,51.738354,-5.275528,10.04,Skomer,Kittiwake,2016,EJ99608,2016003
28/06/2016, 17:29:39,51.738285,-5.275578,0.59,Skomer,Kittiwake,2016,EJ99608,2016003
28/06/2016, 17:32:21,51.738342,-5.275541,3.06,Skomer,Kittiwake,2016,EJ99608,2016003
28/06/2016, 17:34:43,51.738342,-5.275523,1.27,Skomer,Kittiwake,2016,EJ99608,2016003
28/06/2016, 17:36:49,51.738342,-5.275548,2.74,Skomer,Kittiwake,2016,EJ99608,2016003
28/06/2016, 17:38:55,51.738346,-5.275556,1.59,Skomer,Kittiwake,2016,EJ99608,2016003
28/06/2016, 17:41:01,51.738369,-5.275513,4,Skomer,Kittiwake,2016,EJ99608,2016003
28/06/2016, 17:43:07,51.738327,-5.275519,5.77,Skomer,Kittiwake,2016,EJ99608,2016003
28/06/2016, 17:45:14,51.738331,-5.275537,7.34,Skomer,Kittiwake,2016,EJ99608,2016003
28/06/2016, 17:47:20,51.738335,-5.275563,4.22,Skomer,Kittiwake,2016,EJ99608,2016003
28/06/2016, 17:49:26,51.738342,-5.275531,10.35,Skomer,Kittiwake,2016,EJ99608,2016003
28/06/2016, 17:51:32,51.738331,-5.275592,7.08,Skomer,Kittiwake,2016,EJ99608,2016003
28/06/2016, 17:53:38,51.738354,-5.275567,5.33,Skomer,Kittiwake,2016,EJ99608,2016003
28/06/2016, 17:55:44,51.73835,-5.27554,4.75,Skomer,Kittiwake,2016,EJ99608,2016003
28/06/2016, 17:57:50,51.738354,-5.275553,9.82,Skomer,Kittiwake,2016,EJ99608,2016003
28/06/2016, 17:59:56,51.73835,-5.275557,5.52,Skomer,Kittiwake,2016,EJ99608,2016003
28/06/2016, 18:02:02,51.73835,-5.275558,6.45,Skomer,Kittiwake,2016,EJ99608,2016003
28/06/2016, 18:04:08,51.73835,-5.275579,6.29,Skomer,Kittiwake,2016,EJ99608,2016003
28/06/2016, 18:06:14,51.738335,-5.275619,-1.88,Skomer,Kittiwake,2016,EJ99608,2016003
28/06/2016, 18:08:25,51.737598,-5.274284,46.53,Skomer,Kittiwake,2016,EJ99608,2016003
28/06/2016, 18:10:58,51.737637,-5.274132,46.93,Skomer,Kittiwake,2016,EJ99608,2016003
28/06/2016, 18:13:10,51.737583,-5.273786,61.06,Skomer,Kittiwake,2016,EJ99608,2016003
28/06/2016, 18:15:16,51.737553,-5.274402,50.1,Skomer,Kittiwake,2016,EJ99608,2016003
28/06/2016, 18:17:48,51.737484,-5.274586,36.84,Skomer,Kittiwake,2016,EJ99608,2016003
28/06/2016, 18:20:00,51.737606,-5.274611,36.11,Skomer,Kittiwake,2016,EJ99608,2016003
28/06/2016, 18:22:38,51.737495,-5.274883,29.09,Skomer,Kittiwake,2016,EJ99608,2016003
28/06/2016, 18:25:05,51.737759,-5.274592,40.83,Skomer,Kittiwake,2016,EJ99608,2016003
28/06/2016, 18:27:13,51.737457,-5.27463,32.24,Skomer,Kittiwake,2016,EJ99608,2016003
28/06/2016, 18:29:22,51.737679,-5.274526,34.97,Skomer,Kittiwake,2016,EJ99608,2016003
28/06/2016, 18:31:46,51.737617,-5.274642,33.23,Skomer,Kittiwake,2016,EJ99608,2016003
28/06/2016, 18:34:19,51.737564,-5.27488,34.3,Skomer,Kittiwake,2016,EJ99608,2016003
28/06/2016, 18:36:59,51.737556,-5.2747,23.93,Skomer,Kittiwake,2016,EJ99608,2016003
28/06/2016, 18:39:17,51.737556,-5.27468,24.51,Skomer,Kittiwake,2016,EJ99608,2016003
28/06/2016, 18:44:24,51.737759,-5.275216,-23.95,Skomer,Kittiwake,2016,EJ99608,2016003
